{
    "train_loss_list": [
        27.203883588314056,
        19.808172626420856,
        16.466028132941574,
        17.595756958704442,
        14.423082216177136,
        14.050700837280601,
        12.848390250001103,
        12.690497329458594,
        12.417036471888423,
        11.776827629189938,
        11.854037390556186,
        12.654294945299625,
        11.629053640179336,
        11.590618177782744,
        11.311489813495427,
        10.729621049482375,
        11.166956558357924,
        11.11250690696761,
        10.88235031068325,
        10.743996971752495,
        11.51292410492897,
        10.325399237219244,
        10.566671653650701,
        10.615718947723508,
        10.77203917503357,
        10.240092469844967,
        11.235676410142332,
        10.605738254962489,
        10.012454713927582,
        10.181894952664152,
        11.277063227724284,
        10.012286734068766,
        9.846395095810294,
        10.333507702918723,
        9.614707231754437,
        9.506567769218236,
        9.575893946224824,
        9.36161306570284,
        9.325029951985925,
        9.238271951675415,
        9.66512428643182,
        9.043894097674638,
        9.15123939840123,
        9.103528539184481,
        8.82396100484766,
        9.121615461306646,
        8.804513087728992,
        8.799268412636593,
        8.661016411380842,
        8.726703041931614
    ],
    "train_PCK_acc_list": [
        0.21281678483816277,
        0.4808509134878573,
        0.6066288055729904,
        0.579044291301415,
        0.6791183577375317,
        0.6951029391356228,
        0.7251663770985166,
        0.7351880612300281,
        0.7464885046341755,
        0.7599910520243385,
        0.7681745060746216,
        0.7390520622980239,
        0.7675420037372666,
        0.7673852409649478,
        0.7744658553597709,
        0.7919388396029361,
        0.7828873821694265,
        0.7810661023172447,
        0.7914203101057838,
        0.7927601439739387,
        0.77027371050387,
        0.8017701501451658,
        0.8011030522110004,
        0.7956417829344177,
        0.7942775775733093,
        0.8103915127842757,
        0.7844416995631234,
        0.79142949124093,
        0.8125467108063834,
        0.8111169119919875,
        0.7800995680386669,
        0.8160978007990058,
        0.8196343504810486,
        0.8072717135530558,
        0.8213243220966597,
        0.8261203062863013,
        0.8254262957062427,
        0.8304176910253706,
        0.8322116544282627,
        0.8339782919986695,
        0.8211996519526208,
        0.8388517155868556,
        0.8365556234308444,
        0.8399024263083124,
        0.8446963185656997,
        0.8376644336032664,
        0.845812520158241,
        0.8464407455810221,
        0.8496103800938216,
        0.8502328462519569
    ],
    "val_loss_list": [
        7.349196434952319,
        70.26800890313461,
        17.2393332994543,
        5.012780172750354,
        54.84883756865747,
        4.3406123369932175,
        4.363932692445815,
        29.760793912922964,
        40.07756891613826,
        44.61372539587319,
        3.7935964479111135,
        6.057419081218541,
        3.886141744442284,
        4.105494731571525,
        4.190678732469678,
        3.642162261530757,
        3.6083498417865485,
        6.553818132495508,
        4.2725620528217405,
        3.634375744732097,
        3.6403085484635085,
        3.48520816443488,
        19.519502730108798,
        3.637533380649984,
        3.5492588649503887,
        3.473359029274434,
        3.750610719434917,
        3.539499760605395,
        4.103226045379415,
        3.653279708698392,
        3.713865256868303,
        3.8826986781787127,
        3.4902878678403795,
        6.1161888632923365,
        3.3767673284746706,
        3.4007457620464265,
        3.8264195821247995,
        3.4005690219346434,
        3.627759098773822,
        3.3813297948800027,
        3.4625583281740546,
        4.198067813180387,
        3.3124199877493083,
        3.3842720026150346,
        3.4024793771095574,
        3.575944197596982,
        3.371715138433501,
        4.061434430070221,
        8.589057931210846,
        18.3420225600712
    ],
    "val_PCK_acc_list": [
        0.39815965784594676,
        0.5488528147648742,
        0.6636108419012301,
        0.6801918295971688,
        0.7035964099106691,
        0.7268298078543739,
        0.7389442524860951,
        0.7511877422888923,
        0.7555884459801108,
        0.7627096325636269,
        0.7785321506826222,
        0.7629203185572232,
        0.7693146384628352,
        0.7563442819821333,
        0.7833779285353102,
        0.7950314975560421,
        0.7920292221473113,
        0.773336107365582,
        0.7971962961402327,
        0.7957320284847461,
        0.786535584864319,
        0.8058317883027143,
        0.5930125990224169,
        0.7857955503118168,
        0.7984182749030836,
        0.8041700025282312,
        0.777871123377718,
        0.7948866509354459,
        0.7902199561773138,
        0.8001221978762857,
        0.8005225012641161,
        0.8100692103488968,
        0.8046256109893817,
        0.7105148112253508,
        0.811831071970335,
        0.8128528990392713,
        0.8093344429462335,
        0.8123393519298842,
        0.8107249705039608,
        0.8141380836002027,
        0.8140143055789647,
        0.8099375316029005,
        0.8166847505477828,
        0.8168216964436199,
        0.8143303345693584,
        0.8101113475476155,
        0.8166794833979433,
        0.8127949603910325,
        0.8111726782403508,
        0.8125895415472771
    ]
}