{
    "train_loss_list": [
        27.815279993228614,
        20.755145237781107,
        17.428397939074785,
        15.45730084599927,
        14.391119659412652,
        13.503090433776379,
        12.872565303463489,
        12.467992751859128,
        12.05707228044048,
        11.839223008602858,
        11.558864954393357,
        11.452952972147614,
        11.3529581874609,
        11.053509417921305,
        10.830480814911425,
        10.73645809944719,
        10.770940168760717,
        10.5940010426566,
        10.45484440587461,
        10.306306423153728,
        10.231103591620922,
        10.27215044433251,
        10.066522037377581,
        9.895689201774076,
        9.866381293861195,
        9.777965751476586,
        9.74147325125523,
        9.810152809368446,
        9.596596324350685,
        9.466010585427284,
        9.412176868645474,
        9.36527247284539,
        9.311172168003395,
        9.435903610661626,
        9.273979826364666,
        9.098085569450632,
        9.059740299126133,
        9.095204284414649,
        8.943957574665546,
        8.884595828829333,
        8.815315234474838,
        8.797084484715015,
        8.730001928051934,
        8.795238430146128,
        8.742695519467816,
        8.576237832428887,
        8.633840490365401,
        8.4108971147798,
        8.383993020979688,
        8.318176997825503
    ],
    "train_PCK_acc_list": [
        0.16586712032442472,
        0.40699215595584315,
        0.5554433585634757,
        0.6304190172339138,
        0.6681106132900829,
        0.6956039432576446,
        0.7133677577072273,
        0.7269942529770769,
        0.7388729788204211,
        0.7462581135876564,
        0.7548732310350404,
        0.7594333803584478,
        0.7611947423696017,
        0.7692589279983854,
        0.7764617212997793,
        0.7784218996751788,
        0.7781812791474595,
        0.7846751226687945,
        0.7882723155787796,
        0.7926929908605355,
        0.7950144785980447,
        0.7924132932341683,
        0.7996925232494408,
        0.8043115209349275,
        0.8059466681662232,
        0.8082939588673074,
        0.8102402915361028,
        0.8086905344281662,
        0.8139986159180883,
        0.8170760645799362,
        0.8194812935813335,
        0.8204876035311657,
        0.8228136411245162,
        0.8230536415377472,
        0.8235464810265516,
        0.8298073825773672,
        0.830660930599207,
        0.8318599449547508,
        0.8336464938526752,
        0.8360881210585,
        0.83742851912981,
        0.8398827547475796,
        0.841310481282519,
        0.8394097933378161,
        0.8420381533666124,
        0.844407282386085,
        0.8462348146093293,
        0.8491906221271454,
        0.8506214760474884,
        0.852504795565354
    ],
    "val_loss_list": [
        10.865017022937536,
        7.595900831744075,
        6.883660379331559,
        12.7646692302078,
        474.7496531610377,
        2213.243738691788,
        63.170414419146255,
        4.121680657379329,
        9.76359162805602,
        65.62977572297677,
        2607.094459319953,
        5.53544135671109,
        33.173987242626026,
        4.568845175206661,
        297.7362384782173,
        4.946246769744903,
        21.829508874798194,
        5.080273043829948,
        3.6594317238777876,
        3.772939059883356,
        174.56588041456416,
        3.6071000127121806,
        3.580898104701191,
        3.9405453419312835,
        3.6282645775936544,
        3.4949575257487595,
        3.6937322658486664,
        3.5300337709486485,
        3.5786975119262934,
        3.7135762406978756,
        3.4973537013866007,
        3.7167102927342057,
        3.4881305722519755,
        12.262467343360186,
        3.433621319476515,
        3.4386576754041016,
        3.470213557826355,
        3.495229925494641,
        3.5180018828250468,
        7.162188207730651,
        3.486853127833456,
        4.357720517553389,
        3.8244499976281077,
        3.6471411492675543,
        5.3378232007380575,
        4.156571127474308,
        3.9302255124785006,
        3.668068669969216,
        4.098476027837023,
        3.724489964079112
    ],
    "val_PCK_acc_list": [
        0.33509892824495946,
        0.5009253167244699,
        0.6255812614415361,
        0.6717558516525362,
        0.6981189838932036,
        0.6911323721929589,
        0.7208921148259845,
        0.736361004696029,
        0.7445386303499414,
        0.748456598433108,
        0.7466937772914753,
        0.7625720193950392,
        0.7586240747872852,
        0.7699543027168763,
        0.7698255756839929,
        0.7767138660542127,
        0.7751905447462848,
        0.7787512371092283,
        0.7816076253290735,
        0.7850404003310198,
        0.783991405967776,
        0.7928217162455822,
        0.7917621299422544,
        0.7907952532879746,
        0.7925123523940334,
        0.79551651107597,
        0.793741564190401,
        0.791450759780631,
        0.7926648690940812,
        0.7989392159704027,
        0.7965239835643462,
        0.8000420019418597,
        0.8001186423060228,
        0.7941114735652697,
        0.7980137602505392,
        0.7984141485087005,
        0.7998308383922299,
        0.7986298083166122,
        0.7998919345125222,
        0.7999656770375376,
        0.8019436931253277,
        0.7994096834353838,
        0.8000281349332605,
        0.7971226683659308,
        0.7969080302383359,
        0.7962148594812486,
        0.8003623168281747,
        0.800578564981104,
        0.7982505776293705,
        0.7990253393525404
    ]
}